<?xml version="1.0" encoding="utf-8" ?>
<dwsync>
<file name="new5thupload_assignment.php" server="www.kweaver.net/public_html/class/" local="127891483660000000" remote="127891519800000000" />
<file name="new5thupload_assignment.php" server="www.kweaver.net/public_html/class/" local="127891483660000000" remote="127891519800000000" />
<file name="recordlist.php" server="www.kweaver.net/public_html/class/" local="128008156758906250" remote="128008192800000000" />
<file name="list_teacher_record.php" server="www.kweaver.net/public_html/class/" local="128039360723750000" remote="128039396400000000" />
<file name="new1stupload_assignment.php" server="www.kweaver.net/public_html/class/" local="128032513580000000" remote="128365267800000000" />
<file name="new2ndupload_assignment.php" server="www.kweaver.net/public_html/class/" local="128032549728593750" remote="128032587000000000" />
<file name="list_teacher_done.php" server="www.kweaver.net/public_html/class/" local="128043610193437500" remote="128043645600000000" />
<file name="zip.lib.php" server="www.kweaver.net/public_html/class/" local="127374425400000000" remote="128062858200000000" />
<file name="deldir.php" server="www.kweaver.net/public_html/class/" local="127374425400000000" remote="128062858200000000" />
<file name="studentUploadWebpage.php" server="www.kweaver.net/public_html/class/" local="128062820806562500" remote="128062858200000000" />
<file name="newupload_assignment.php" server="www.kweaver.net/public_html/class/" local="127412446200000000" remote="128068932000000000" />
<file name="upload_assignment.php" server="www.kweaver.net/public_html/class/" local="128068897280000000" remote="128516314200000000" />
<file name="UploadStudent.html" server="www.kweaver.net/public_html/class/" local="128372932820000000" remote="128372970600000000" />
<file name="uploadStudent.php" server="www.kweaver.net/public_html/class/" local="128372930920000000" remote="128372967000000000" />
<file name="UploadStudent.php" server="www.kweaver.net/public_html/class/" local="128372932660000000" remote="128372971800000000" />
<file name="grade_assign.php" server="www.kweaver.net/public_html/class/" local="128372980600000000" remote="128373021600000000" />
<file name="teacheruploadStudent.php" server="www.kweaver.net/public_html/class/" local="127374389400000000" remote="128373022800000000" />
<file name="list_teacher_grade.php" server="www.kweaver.net/public_html/class/" local="128447482060000000" remote="128448059400000000" />
<file name="list_teacher_record_last.php" server="www.kweaver.net/public_html/class/" local="128447504100000000" remote="128448081600000000" />
<file name="record_assign_last.php" server="www.kweaver.net/public_html/class/" local="128447503980000000" remote="128448081600000000" />
<file name="new3thupload_assignment.php" server="www.kweaver.net/public_html/class/" local="128485658160000000" remote="128486236200000000" />
<file name="list_teacher_gradespeed.php" server="www.kweaver.net/public_html/class/" local="128524313780000000" remote="128524892400000000" />
<file name="record_assign.php" server="www.kweaver.net/public_html/class/" local="128515790360000000" remote="128516332800000000" />
<file name="record_assign_gradespeed.php" server="www.kweaver.net/public_html/class/" local="128515793440000000" remote="128516335800000000" />
</dwsync>