<?xml version="1.0" encoding="utf-8" ?>
<dwsync>
<file name="WindowsMessager_Initial.html" local="128020477800000000" remote="128020490400000000" testing="0" />
<file name="flashobject.js" local="127878684500000000" remote="128020490400000000" testing="0" />
<file name="WindowsMessager_Initial_nofp_bg.gif" local="128020474200000000" remote="128020477800000000" testing="0" />
<file name="WindowsMessager_Initial.swf" local="128020477800000000" remote="128020490400000000" testing="0" />
<file name="WindowsMessager_Initial_config.xml" local="128020477800000000" remote="128020490400000000" testing="0" />
<file name="WindowsMessager_Initial_controller.swf" local="128020477800000000" remote="128020490400000000" testing="0" />
<file name="WindowsMessager_Initial_preload.swf" local="128020477800000000" remote="128020490400000000" testing="0" />
<file name="WindowsMessagerPassport.html" local="128020451958906250" remote="128020490400000000" testing="0" />
<file name="WindowsMessagerPassport_nofp_bg.gif" local="127885566560000000" remote="128020490400000000" testing="0" />
<file name="WindowsMessagerPassport.swf" local="128020451942968750" remote="128020490400000000" testing="0" />
<file name="WindowsMessagerPassport_config.xml" local="128020488000000000" remote="128020490400000000" testing="0" />
<file name="WindowsMessagerPassport_controller.swf" local="128020488000000000" remote="128020490400000000" testing="0" />
<file name="WindowsMessagerPassport_preload.swf" local="128020488000000000" remote="128020490400000000" testing="0" />
<file name="windowsMessagerPassport.camproj" local="128020452239843750" remote="128020490400000000" testing="0" />
</dwsync>